<?xml version="1.0" encoding="UTF-8"?>
<!DOCTYPE mapper PUBLIC "-//mybatis.org//DTD Mapper 3.0//EN" "http://mybatis.org/dtd/mybatis-3-mapper.dtd">
<mapper namespace="org.example.mapper.RecordMapper">
  <resultMap id="BaseResultMap" type="org.example.model.Record">
    <id column="id" jdbcType="INTEGER" property="id" />
    <result column="member_id" jdbcType="INTEGER" property="memberId" />
    <result column="award_id" jdbcType="INTEGER" property="awardId" />
    <result column="create_time" jdbcType="TIMESTAMP" property="createTime" />
  </resultMap>
  <sql id="Base_Column_List">
    id, member_id, award_id, create_time
  </sql>
  <select id="selectByPrimaryKey" parameterType="java.lang.Integer" resultMap="BaseResultMap">
    select 
    <include refid="Base_Column_List" />
    from record
    where id = #{id,jdbcType=INTEGER}
  </select>
  <delete id="deleteByPrimaryKey" parameterType="java.lang.Integer">
    delete from record
    where id = #{id,jdbcType=INTEGER}
  </delete>
  <insert id="insert" keyColumn="id" keyProperty="id" parameterType="org.example.model.Record" useGeneratedKeys="true">
    insert into record (member_id, award_id, create_time
      )
    values (#{memberId,jdbcType=INTEGER}, #{awardId,jdbcType=INTEGER}, #{createTime,jdbcType=TIMESTAMP}
      )
  </insert>
  <insert id="insertSelective" keyColumn="id" keyProperty="id" parameterType="org.example.model.Record" useGeneratedKeys="true">
    insert into record
    <trim prefix="(" suffix=")" suffixOverrides=",">
      <if test="memberId != null">
        member_id,
      </if>
      <if test="awardId != null">
        award_id,
      </if>
      <if test="createTime != null">
        create_time,
      </if>
    </trim>
    <trim prefix="values (" suffix=")" suffixOverrides=",">
      <if test="memberId != null">
        #{memberId,jdbcType=INTEGER},
      </if>
      <if test="awardId != null">
        #{awardId,jdbcType=INTEGER},
      </if>
      <if test="createTime != null">
        #{createTime,jdbcType=TIMESTAMP},
      </if>
    </trim>
  </insert>
  <update id="updateByPrimaryKeySelective" parameterType="org.example.model.Record">
    update record
    <set>
      <if test="memberId != null">
        member_id = #{memberId,jdbcType=INTEGER},
      </if>
      <if test="awardId != null">
        award_id = #{awardId,jdbcType=INTEGER},
      </if>
      <if test="createTime != null">
        create_time = #{createTime,jdbcType=TIMESTAMP},
      </if>
    </set>
    where id = #{id,jdbcType=INTEGER}
  </update>
  <update id="updateByPrimaryKey" parameterType="org.example.model.Record">
    update record
    set member_id = #{memberId,jdbcType=INTEGER},
      award_id = #{awardId,jdbcType=INTEGER},
      create_time = #{createTime,jdbcType=TIMESTAMP}
    where id = #{id,jdbcType=INTEGER}
  </update>

  <insert id="batchInsert">
    insert into record(member_id,award_id)
        values
        <foreach collection="memberIds" item="memberId" separator=",">
            (#{memberId},#{awardId})
        </foreach>
  </insert>

  <delete id="deleteByMemberId">
    delete from record where member_id=#{id}
  </delete>

  <delete id="deleteByAwardId">
    delete from record where award_id=#{id}
  </delete>

  <delete id="deleteByUserId">
    delete record from user,setting,award,member,record
        where user.id=setting.user_id
        and setting.id=award.setting_id
        and setting.id=member.setting_id
        and (award.id=record.award_id or member.id=record.member_id)
        and user.id = #{id}
  </delete>

<!--  &lt;!&ndash; 多表关联删除：DELETE t1 FROM t1,t2 WHERE t1.id=t2.id &ndash;&gt;-->
<!--  <delete id="deleteByUserId">-->
<!--    delete record from user,setting,award,member,record-->
<!--    where user.id=setting.user_id-->
<!--      and setting.id=award.setting_id-->
<!--      and setting.id=member.setting_id-->
<!--      and (award.id=record.award_id or member.id=record.member_id)-->
<!--      and user.id=#{id}-->
<!--  </delete>-->
</mapper>